{
    "ylabel" : "Branch Miss Rate (%)",
    "input_params": [
        10,
        100,
        1000,
        10000,
        100000,
        1000000,
        10000000,
        100000000
    ],
    "result": {
        "binary_search_baseline": [
            0.13648028765866832,
            0.14995945511852296,
            0.1545990630638438,
            0.15535025097359595,
            0.15447967743751723,
            0.15463432439850078,
            0.1543523931851438,
            0.1553819822726274
        ],
        "binary_search_std": [
            0.1327288294953326,
            0.15619938775083478,
            0.1729479536313849,
            0.16524212970606153,
            0.16197113456228096,
            0.15273991199695866,
            0.13608854705677642,
            0.12846398280917734
        ],
        "binary_search_opt1_branchless": [
            0.12699062653869786,
            0.1550708446915403,
            0.16531534652245755,
            0.16172040359848716,
            0.15123459050731197,
            0.1458338207892236,
            0.13740695226739333,
            0.12858364259325777
        ],
        "binary_search_opt2_branchless2": [
            0.14048747287668864,
            0.1829976231077199,
            0.19948571781308025,
            0.19818597429391094,
            0.19445736804620178,
            0.19023137354277408,
            0.16571881941799538,
            0.16629212239652913
        ],
        "binary_search_opt3_branchless3": [
            0.0,
            0.0,
            0.0,
            0.0,
            0.0,
            0.0,
            0.0,
            0.0
        ],
        "binary_search_opt4_prefetch": [
            0.0,
            0.0,
            0.0,
            0.0,
            0.0,
            0.0,
            0.0,
            0.0
        ],
        "binary_search_opt5_eytzinger": [
            0.08753653543602902,
            0.057579034968243355,
            0.04475596944936383,
            0.04547483021297427,
            0.043799064624847686,
            0.0401575699239332,
            0.04176165106613471,
            0.04211714244674375
        ],
        "binary_search_opt6_eytzinger_branchless": [
            0.032701472180905584,
            0.01830043495818546,
            0.0013665845042831115,
            0.022061386480028616,
            0.017201424024462782,
            0.0017374643190842785,
            0.014164186380500078,
            0.01270418722983746
        ],
        "binary_search_opt7_eytzinger_prefetch1": [
            0.07038050135642566,
            0.04908082269587846,
            0.04304741188491801,
            0.041588209176643784,
            0.038774638540192696,
            0.03717783201420337,
            0.04212733014914187,
            0.039538541888779845
        ],
        "binary_search_opt8_eytzinger_prefetch2": [
            0.024793512733325754,
            0.01792096105604248,
            0.0013236817620715748,
            0.01974132194882529,
            0.00370267313607466,
            0.0,
            0.011941644461292042,
            0.0041426697488600416
        ],
        "binary_search_opt9_branch_removal": [
            0.041130940535621045,
            0.0243060886728289,
            0.0013547228754199872,
            0.01838738904709724,
            0.012056815064195207,
            0.0014509535614743141,
            0.014932826465470513,
            0.010869892816973228
        ]
    },
    "input_param_meaning": "Array Size",
    "test_name": "Binary Search",
    "unit" : "percentage"
}