{
    "ylabel" : "L1 DCache Miss Rate (%)",
    "input_params": [
        10,
        100,
        1000,
        10000,
        100000,
        1000000,
        10000000,
        100000000
    ],
    "result": {
        "binary_search_baseline": [
            0.005251179494495169,
            0.004285745225609807,
            0.0040137879425264445,
            0.004870376728329005,
            0.005165311687480087,
            0.0045385457933556405,
            0.00425277106410183,
            0.005594143195117079
        ],
        "binary_search_std": [
            0.0046590168495089885,
            0.004023787073952331,
            0.0033610130833324555,
            0.012805444405259011,
            0.3214642536353949,
            0.5757010106039122,
            0.7555120329174225,
            0.9659498899150671
        ],
        "binary_search_opt1_branchless": [
            0.004451824867302273,
            0.0037885686604304885,
            0.0031645014930112257,
            0.012104602906355398,
            0.2648697522790829,
            0.5478934424055246,
            0.6454826591638144,
            0.8010651685892415
        ],
        "binary_search_opt2_branchless2": [
            0.004253823135102501,
            0.0036578305771402878,
            0.0032009798963888773,
            0.011302315953996564,
            0.2835655819112247,
            0.6262806386950667,
            0.7608856161467612,
            0.9766308467589633
        ],
        "binary_search_opt3_branchless3": [
            0.0017436957788650683,
            0.004938141802041111,
            0.0030898067672566996,
            0.005251837367131904,
            0.09028796852099337,
            0.19462849377699798,
            0.2727387700251709,
            0.33737581564284425
        ],
        "binary_search_opt4_prefetch": [
            0.0005702847840385684,
            0.0029325866096016956,
            0.001595132630741622,
            0.0030116115061227426,
            0.04735340334419472,
            0.09096942625831408,
            0.12236248882367472,
            0.15096727769222626
        ],
        "binary_search_opt5_eytzinger": [
            0.005209513324546373,
            0.003734799539400808,
            0.003304709597839404,
            0.0032769581145100615,
            0.002972253562260439,
            0.0029867171133155152,
            0.0034767179502146342,
            0.0029578228387975363
        ],
        "binary_search_opt6_eytzinger_branchless": [
            0.004770809562726192,
            0.002894910493824569,
            0.0029571347267258533,
            0.0071222429222603054,
            0.0925451677340182,
            0.19039075429507393,
            0.2767212103412903,
            0.3447032979019119
        ],
        "binary_search_opt7_eytzinger_prefetch1": [
            0.004617831127983537,
            0.002736687794628216,
            0.0026521882809842205,
            0.0027166997767860386,
            0.002586953108039112,
            0.0029148039245677246,
            0.002455208037007242,
            0.0030879670437046268
        ],
        "binary_search_opt8_eytzinger_prefetch2": [
            0.004053809762312641,
            0.0028854728515491685,
            0.00222059313459154,
            0.009246661945525038,
            0.06470029477081272,
            0.12763784252386062,
            0.2006562931266732,
            0.2285785660842811
        ],
        "binary_search_opt9_branch_removal": [
            0.004015913693065646,
            0.002984583917572849,
            0.002353262762811314,
            0.009296996717697329,
            0.12063806028815259,
            0.22236778752841482,
            0.31299002107797125,
            0.3570823313647205
        ]
    },
    "input_param_meaning": "Array Size",
    "test_name": "Binary Search",
    "unit" : "percentage"
}