{
    "ylabel" : "Cache Miss Rate (%)",
    "input_params": [
        10,
        100,
        1000,
        10000,
        100000,
        1000000,
        10000000,
        100000000
    ],
    "result": {
        "binary_search_baseline": [
            0.2375117515719876,
            0.12933598485686512,
            0.13052413078876415,
            0.12385822835795017,
            0.12099325144170263,
            0.1872338733888665,
            0.2425691622722981,
            0.23653092599022082
        ],
        "binary_search_std": [
            0.2361308413991328,
            0.12963126656871096,
            0.12445818681128269,
            0.1267787005145256,
            0.11424301922870496,
            0.0294772145674707,
            0.060216515320215866,
            0.03407504065096411
        ],
        "binary_search_opt1_branchless": [
            0.1309365193556101,
            0.10709006225453449,
            0.08477955225791253,
            0.10304095269151467,
            0.1869981070166581,
            0.023290589312283127,
            0.10420512068456073,
            0.05861664426813235
        ],
        "binary_search_opt2_branchless2": [
            0.14678487553248698,
            0.10168607500912251,
            0.05817965526907445,
            0.06877200445244552,
            0.2122956419235613,
            0.02393404075919164,
            0.06779499029856886,
            0.03529862033272428
        ],
        "binary_search_opt3_branchless3": [
            0.14290816222269123,
            0.03185170307062437,
            0.04295359844793749,
            0.02912154560398364,
            0.13474125128234138,
            0.22083457283944072,
            0.1785519118281816,
            0.24547537277136355
        ],
        "binary_search_opt4_prefetch": [
            0.05545936759880229,
            0.014940519781091349,
            0.02786789720544421,
            0.020805284289019663,
            0.07278356005497373,
            0.22445680621058317,
            0.19690376546055144,
            0.2353241355514952
        ],
        "binary_search_opt5_eytzinger": [
            0.018921825297900544,
            0.013738740775622498,
            0.018801429898725474,
            0.020690335792067967,
            0.02943251518324086,
            0.2318443989930307,
            0.21098104824008407,
            0.23653092599022082
        ],
        "binary_search_opt6_eytzinger_branchless": [
            0.01799008406073624,
            0.011770019773009389,
            0.01812934966407212,
            0.01443136871603903,
            0.02579528186764898,
            0.20142772604976775,
            0.23030893536481775,
            0.2353241355514952
        ],
        "binary_search_opt7_eytzinger_prefetch1": [
            0.01909177870985386,
            0.011150109456707824,
            0.016870700101950527,
            0.013226035295142567,
            0.016514821503757573,
            0.23324180841060602,
            0.22579176494172035,
            0.21963585984806216
        ],
        "binary_search_opt8_eytzinger_prefetch2": [
            0.019654283051367658,
            0.009173864748173822,
            0.011618639922511479,
            0.012980086689572741,
            0.015551499616476647,
            0.28554670242145136,
            0.253037403026578,
            0.2510124112549282
        ],
        "binary_search_opt9_branch_removal": [
            0.02141148525131016,
            0.012037857024917043,
            0.011355128264307861,
            0.014734817695694721,
            0.018416215441661783,
            0.2366411260461693,
            0.23973454179363715,
            0.2353241355514952
        ]
    },
    "input_param_meaning": "Array Size",
    "test_name": "Binary Search",
    "unit" : "percentage"
}